attribute_key,label,label_zh,theme,attribute_group,definition,source_type,mention_count,salience_column,quality_column,example_review_id,example_quote,theory_families,theory_subtheories,applicable_products
power_source_type,Power Source Type,電源類型,Power Source,attribute_function,Whether the product uses disposable batteries (AA/AAA) vs USB rechargeable power. High=rechargeable; Low=disposable battery only.,both,38,power_source_type_salience,power_source_type_quality,B0BVVKKXFZ,"the only MB line trimmer from urbaner that is rechargeable, the rest of the MB line uses AA batteries","product_positioning,purchase_motivation","attributes,functional,security","B06Y65N73X,B0823PD6XD,B083NFMGZH,B0842PLHY1,B09138YH5R,B091C37P34,B0BRVTRPXM,B0BVVKKXFZ,B0D5B8ZT1K,B0GL2DKVQH,B0GL2GP74J"
rechargeable_design,Rechargeable Design,充電式設計,Power Source,attribute_function,Whether the product supports USB or dock recharging without replacing batteries. High=USB rechargeable; Low=battery only.,both,35,rechargeable_design_salience,rechargeable_design_quality,B0BVVKKXFZ,"Great and USB C – Before I talk about the actual device, I want to mention that this charges with a USB C cable, which is the current standard.","product_positioning,maslow,purchase_motivation","attributes,physiological,functional","B0BVVKKXFZ,B0D5B8ZT1K,B0GL2DKVQH,B09138YH5R"
usb_c_charging,USB-C Charging,USB-C充電,Power Source,attribute_function,Whether the product charges via USB-C (modern universal standard). High=USB-C supported; Low=proprietary or older port.,both,12,usb_c_charging_salience,usb_c_charging_quality,B0BVVKKXFZ,"I have another grooming kit that charges with micro USB, but this one charges with USB C","product_positioning,purchase_motivation","attributes,functional","B0BVVKKXFZ,B0GL2DKVQH"
charging_dock_base,Charging Dock / Base,充電底座,Power Source,attribute_function,Whether a standalone charging dock or base is included. High=dedicated charging base included; Low=no base.,both,10,charging_dock_base_salience,charging_dock_base_quality,B0BVVKKXFZ,"I do wish the charger plugged right into the clipper, rather than having a charging base","product_positioning,purchase_motivation","attributes,functional","B0BVVKKXFZ,B0D5B8ZT1K"
battery_type_aa,AA Battery Power,AA電池驅動,Power Source,attribute_function,Whether the product uses AA batteries (larger capacity vs AAA). High=AA powered; relevant for products not rechargeable.,both,28,battery_type_aa_salience,battery_type_aa_quality,B0823PD6XD,I'm not sure I like the idea of a battery because I'd rather have a USB rechargeable,"product_positioning,purchase_motivation","attributes,functional","B06Y65N73X,B0823PD6XD,B0842PLHY1,B0BRVTRPXM,B0GL2GP74J"
battery_type_aaa,AAA Battery Power,AAA電池驅動,Power Source,attribute_function,"Whether the product uses AAA batteries (compact, lighter). Relevant for pen-type devices.",both,6,battery_type_aaa_salience,battery_type_aaa_quality,B091C37P34,Requires 1 AAA battery (included) – pen-type eyebrow trimmer,product_positioning,attributes,"B091C37P34,B083NFMGZH"
battery_included,Battery Included in Package,隨附電池,Power Source,benefit_use,Whether the package includes batteries so the device is ready to use out of box. High=batteries included; Low=batteries not included.,both,22,battery_included_salience,battery_included_quality,B0GL2GP74J,The Battery IS Included!!! Classy elegant gift for the man who is always fully groomed!!! Comes beautifully boxed and actually includes a very good quality name brand AA battery,"product_positioning,purchase_motivation","benefits,functional,relational","B06Y65N73X,B0823PD6XD,B0842PLHY1,B0GL2GP74J,B091C37P34"
battery_life_duration,Battery / Charge Life Duration,電池續航時間,Power Source,attribute_function,How long the device operates on a single charge or battery set. High=long runtime (90min+); Low=short runtime.,both,14,battery_life_duration_salience,battery_life_duration_quality,B0BVVKKXFZ,Holds a charge for quite a while and cuts well!,"product_positioning,purchase_motivation","functions,functional","B06Y65N73X,B0823PD6XD,B083NFMGZH,B0842PLHY1,B09138YH5R,B091C37P34,B0BRVTRPXM,B0BVVKKXFZ,B0D5B8ZT1K,B0GL2DKVQH,B0GL2GP74J"
wall_plug_included,Wall Plug / Adapter Included,隨附充電頭,Power Source,attribute_function,"Whether a wall plug/power adapter is included with the USB charging cable. High=included; Low=cable only, no plug.",review,7,wall_plug_included_salience,wall_plug_included_quality,B0BVVKKXFZ,the shaver comes with a charging base and USB cable to allow it to be connected – wall plug not included,"product_positioning,purchase_motivation","attributes,functional","B0BVVKKXFZ,B0D5B8ZT1K,B0GL2DKVQH"
motor_origin,Japanese Motor,日本馬達,Motor & Blade,attribute_function,"Whether the motor is sourced from Japan (typically higher torque, quieter). High=genuine Japanese motor; Low=generic.",both,18,motor_origin_salience,motor_origin_quality,B0BVVKKXFZ,"Japanese Motor, USB Charger, IPX8 Waterproof – top-listed feature on product page","product_positioning,maslow,purchase_motivation","attributes,esteem,security","B091C37P34,B0BVVKKXFZ,B0D5B8ZT1K,B0GL2DKVQH,B0GL2GP74J"
blade_material_japanese_steel,Japanese High-Carbon Steel Blade,日本高碳鋼刀片,Motor & Blade,attribute_function,"Whether blades are made from Japanese high-carbon steel (sharper, more durable). High=Japanese steel confirmed; Low=unspecified steel.",both,20,blade_material_japanese_steel_salience,blade_material_japanese_steel_quality,B0842PLHY1,high-carbon steel blade from Japan ensuring safety without risk of scratching or hurting skin,"product_positioning,maslow,purchase_motivation","attributes,safety,security","B0842PLHY1,B0BRVTRPXM,B091C37P34,B0BVVKKXFZ,B0GL2DKVQH,B0GL2GP74J"
blade_sharpness,Blade Sharpness,刀片鋒利度,Motor & Blade,attribute_function,"Perceived cutting sharpness from reviews. High=reviewers praise clean cuts; Low=dull, hair-snagging complaints.",review,42,blade_sharpness_salience,blade_sharpness_quality,B0GL2DKVQH,"Cheap, Cheerful, and Surprisingly Sharp – I've used this URBANER Precision Mustache Trimmer a handful of times now","product_positioning,purchase_motivation,wom_motivation","functions,functional,altruistic","B06Y65N73X,B0823PD6XD,B083NFMGZH,B0842PLHY1,B09138YH5R,B091C37P34,B0BRVTRPXM,B0BVVKKXFZ,B0D5B8ZT1K,B0GL2DKVQH,B0GL2GP74J"
blade_hair_pulling,Blade Hair Pulling / Snagging,刀片拉毛問題,Motor & Blade,attribute_function,"Whether blade snags or pulls hair during use. High=smooth, no pulling; Low=frequent pulling complaints.",review,25,blade_hair_pulling_salience,blade_hair_pulling_quality,B0BVVKKXFZ,"Dull razor – The blade for this trimmer is not very sharp. Instead of gliding smooth, it tends to snag the hair.","product_positioning,maslow,purchase_motivation,wom_motivation","functions,physiological,functional,altruistic","B06Y65N73X,B0823PD6XD,B083NFMGZH,B0842PLHY1,B09138YH5R,B091C37P34,B0BRVTRPXM,B0BVVKKXFZ,B0D5B8ZT1K,B0GL2DKVQH,B0GL2GP74J"
motor_power_rpm,Motor Power / Speed,馬達功率轉速,Motor & Blade,attribute_function,"Perceived motor power and RPM. High=strong, powerful motor; Low=weak, slow motor.",review,30,motor_power_rpm_salience,motor_power_rpm_quality,B0823PD6XD,Does not trim well at all. Motor speed is slow. No adjustable speeds.,"product_positioning,purchase_motivation","functions,functional","B06Y65N73X,B0823PD6XD,B083NFMGZH,B0842PLHY1,B09138YH5R,B091C37P34,B0BRVTRPXM,B0BVVKKXFZ,B0D5B8ZT1K,B0GL2DKVQH,B0GL2GP74J"
blade_width,Blade Width,刀片寬度,Motor & Blade,attribute_function,Physical width of the cutting blade. High=wider blade (faster coverage); Low=narrower blade (more precision).,both,12,blade_width_salience,blade_width_quality,B0GL2GP74J,The 0.8-inch blade on this URBANER Mustache Trimmer is exactly what I needed for precision work,"product_positioning,purchase_motivation","attributes,functional","B0842PLHY1,B0GL2GP74J,B0GL2DKVQH"
blade_replaceable,Replaceable Blade,可替換刀片,Motor & Blade,attribute_function,Whether the trimmer blade can be replaced when worn. High=replaceable blade; Low=non-replaceable.,both,8,blade_replaceable_salience,blade_replaceable_quality,B0BRVTRPXM,2 blades included in package,"product_positioning,purchase_motivation","attributes,functional,security","B0BRVTRPXM,B06Y65N73X"
ceramic_blade,Ceramic Blade (Heat Reduction),陶瓷刀片（低熱）,Motor & Blade,attribute_function,Whether a ceramic blade is used to reduce heat by up to 70% (relevant for pet/sensitive skin use). High=ceramic blade; Low=standard metal blade.,both,4,ceramic_blade_salience,ceramic_blade_quality,B09138YH5R,The ceramic blade can effectively reduce heat by up to 70%,"product_positioning,maslow","attributes,safety",B09138YH5R
cutting_precision,Cutting Precision,裁剪精確度,Motor & Blade,attribute_function,"Precision of the cut for detail work (mustache edges, eyebrow lines). High=highly precise; Low=imprecise, can't hold lines.",review,35,cutting_precision_salience,cutting_precision_quality,B0GL2DKVQH,"If you're looking for a dedicated mustache trimmer, this is fantastic! The adjustable blade delivers incredibly precise cuts","product_positioning,purchase_motivation,wom_motivation","functions,functional,altruistic","B06Y65N73X,B0823PD6XD,B083NFMGZH,B0842PLHY1,B09138YH5R,B091C37P34,B0BRVTRPXM,B0BVVKKXFZ,B0D5B8ZT1K,B0GL2DKVQH,B0GL2GP74J"
foil_shaver_head,Foil Shaver Head Included,附網狀刮鬍刀頭,Motor & Blade,attribute_function,Whether a foil shaver attachment is included in the kit. High=foil shaver head included; Low=not included.,both,8,foil_shaver_head_salience,foil_shaver_head_quality,B0BVVKKXFZ,"The foil shaver works fine, but it's not a replacement for a dedicated foil shaver","product_positioning,purchase_motivation","attributes,functional","B0BVVKKXFZ,B0D5B8ZT1K"
waterproof_rating_ipx8,IPX8 Waterproof Rating,IPX8防水等級,Waterproof,attribute_function,Whether the product carries the IPX8 waterproof certification (submersible). High=IPX8 certified; Low=water resistant or not rated.,both,22,waterproof_rating_ipx8_salience,waterproof_rating_ipx8_quality,B0GL2DKVQH,Capable Travel Trimmer – IPX8 Rating Shines,"product_positioning,maslow,purchase_motivation","attributes,safety,security","B0842PLHY1,B0BVVKKXFZ,B0D5B8ZT1K,B0GL2DKVQH,B0GL2GP74J"
shower_use_safe,Shower-Safe Use,可淋浴使用,Waterproof,benefit_use,Whether the product can be used safely during a shower. High=shower-safe confirmed; Low=only splash resistant.,both,18,shower_use_safe_salience,shower_use_safe_quality,B0BRVTRPXM,"totally waterproof, meaning you can trim up in the shower if that's your style","product_positioning,maslow,purchase_motivation","functions,physiological,functional","B06Y65N73X,B0823PD6XD,B0842PLHY1,B0BRVTRPXM,B0BVVKKXFZ,B0D5B8ZT1K,B0GL2DKVQH,B0GL2GP74J"
rinse_under_tap,Rinse-Under-Tap Cleaning,水龍頭沖洗清潔,Waterproof,benefit_use,Whether the head/body can be rinsed under running water for cleaning. High=fully rinsable; Low=only brush cleaning.,both,26,rinse_under_tap_salience,rinse_under_tap_quality,B06Y65N73X,You can simply rinse it clean when you've finished,"product_positioning,purchase_motivation","functions,functional","B06Y65N73X,B0823PD6XD,B083NFMGZH,B0842PLHY1,B09138YH5R,B091C37P34,B0BRVTRPXM,B0BVVKKXFZ,B0D5B8ZT1K,B0GL2DKVQH,B0GL2GP74J"
wet_dry_dual_use,Wet & Dry Dual Use,乾濕兩用,Waterproof,benefit_use,Whether the product can be used both wet (shower/cream) and dry. High=full wet+dry capability; Low=dry use only.,both,15,wet_dry_dual_use_salience,wet_dry_dual_use_quality,B0823PD6XD,"Works Wet/Dry, AA Battery Operated","product_positioning,purchase_motivation","functions,functional","B0823PD6XD,B0842PLHY1,B0BRVTRPXM,B0BVVKKXFZ,B0D5B8ZT1K"
num_grooming_functions,Number of Grooming Functions,修容功能數量,Functions,attribute_function,"Total count of distinct grooming functions (beard, nose, ear, eyebrow, etc.). High=4+ functions; Low=single function.",both,40,num_grooming_functions_salience,num_grooming_functions_quality,B0BVVKKXFZ,"4-in-1 Grooming Set – Ear and Nose Hair Trimmer, Eyebrows Trimmer, Portable Electric Shaver","product_positioning,maslow,purchase_motivation","functions,self_actualization,functional","B06Y65N73X,B0823PD6XD,B083NFMGZH,B0842PLHY1,B09138YH5R,B091C37P34,B0BRVTRPXM,B0BVVKKXFZ,B0D5B8ZT1K,B0GL2DKVQH,B0GL2GP74J"
beard_trimming_function,Beard Trimming Function,鬍鬚修剪功能,Functions,attribute_function,Effectiveness at trimming beard hair. High=good beard coverage and cut; Low=poor beard performance.,review,40,beard_trimming_function_salience,beard_trimming_function_quality,B0823PD6XD,Great beard trimmer – The small lightweight unit that works great. I even use it to trim my hair.,"product_positioning,purchase_motivation,wom_motivation","functions,functional,altruistic","B0823PD6XD,B0842PLHY1,B0BRVTRPXM,B0BVVKKXFZ,B0D5B8ZT1K,B0GL2DKVQH,B0GL2GP74J"
nose_hair_trimming_function,Nose Hair Trimming Function,鼻毛修剪功能,Functions,attribute_function,Effectiveness at trimming nose hair including how well the head fits the nostril. High=powerful and fits well; Low=too large or weak.,review,38,nose_hair_trimming_function_salience,nose_hair_trimming_function_quality,B0BVVKKXFZ,Bad size nose trimmer – The nose trimmer is useless as it is too large for the nose hair.,"product_positioning,purchase_motivation,wom_motivation","functions,functional,altruistic","B06Y65N73X,B0823PD6XD,B0BVVKKXFZ,B0D5B8ZT1K,B0GL2GP74J"
ear_hair_trimming_function,Ear Hair Trimming Function,耳毛修剪功能,Functions,attribute_function,Effectiveness at trimming ear hair. High=works well in ears; Low=not effective or hard to use in ears.,review,24,ear_hair_trimming_function_salience,ear_hair_trimming_function_quality,B0823PD6XD,"Works well, even against aggressive ear hair – Turning 50 was rough. My hair just gave up.","product_positioning,purchase_motivation","functions,functional","B06Y65N73X,B0823PD6XD,B0BVVKKXFZ,B0D5B8ZT1K,B0GL2GP74J"
eyebrow_trimming_function,Eyebrow Trimming Function,眉毛修剪功能,Functions,attribute_function,Effectiveness at shaping eyebrows. High=precise and painless; Low=imprecise or uncomfortable.,both,20,eyebrow_trimming_function_salience,eyebrow_trimming_function_quality,B0823PD6XD,Eyebrow trimmer works well. I already had a nose hair trimmer by this brand which works really well.,"product_positioning,purchase_motivation","functions,functional","B083NFMGZH,B0823PD6XD,B091C37P34,B0BVVKKXFZ,B0D5B8ZT1K"
mustache_trimming_function,Mustache Trimming Function,鬍子修剪功能,Functions,attribute_function,"Effectiveness and precision for mustache trimming specifically. High=clean edges, good detail; Low=imprecise.",review,32,mustache_trimming_function_salience,mustache_trimming_function_quality,B0GL2DKVQH,"Nice Dedicated Mustache Trimmer – I'm a mustache guy, so having a dedicated tool just for mustache work makes a big difference.","product_positioning,purchase_motivation,wom_motivation","functions,functional,self_enhancement","B0842PLHY1,B0GL2DKVQH,B0GL2GP74J,B0823PD6XD,B0BVVKKXFZ"
sideburn_trimming_function,Sideburn Trimming Function,鬢角修剪功能,Functions,attribute_function,Effectiveness at styling and trimming sideburns. High=good line and precision; Low=not suitable.,both,10,sideburn_trimming_function_salience,sideburn_trimming_function_quality,B0BRVTRPXM,"Grooming zones include beard, sideburns, and mustache","product_positioning,purchase_motivation","functions,functional","B0BRVTRPXM,B0842PLHY1,B0GL2DKVQH"
chest_body_hair_function,Chest / Body Hair Trimming,胸毛/體毛修剪,Functions,attribute_function,Whether the product can handle chest or body hair. High=explicitly designed for body hair; Low=face-only.,both,8,chest_body_hair_function_salience,chest_body_hair_function_quality,B0BRVTRPXM,"Waterproof Chest Razors for Men, Safe Blade","product_positioning,purchase_motivation","functions,functional","B0BRVTRPXM,B0BVVKKXFZ"
peach_fuzz_removal,Peach Fuzz / Fine Hair Removal,汗毛去除,Functions,attribute_function,Ability to remove fine facial hair (peach fuzz) especially for women. High=gentle and effective; Low=misses fine hairs.,both,12,peach_fuzz_removal_salience,peach_fuzz_removal_quality,B091C37P34,Painless for Face Chin Upper-Lip Neck Peach-Fuzz,"product_positioning,purchase_motivation","functions,functional","B091C37P34,B083NFMGZH"
pet_grooming_function,Pet Grooming Function,寵物修毛功能,Functions,attribute_function,Whether the product is designed for grooming pets (cats/dogs). High=purpose-built for pets; Low=human use only.,both,5,pet_grooming_function_salience,pet_grooming_function_quality,B09138YH5R,"Cordless Small Pet Hair Grooming Trimmer, Low Noise for Trimming Cats and Dogs Hair Around Paws, Eyes, Ears","product_positioning,maslow,purchase_motivation","functions,safety,functional",B09138YH5R
haircutting_head_function,Head / Scalp Hair Trimming,剪頭髮功能,Functions,attribute_function,Whether the product can trim scalp/head hair. High=usable for head hair trimming; Low=face/body only.,review,6,haircutting_head_function_salience,haircutting_head_function_quality,B0823PD6XD,The small lightweight unit that works great. I even use it to trim my hair.,"product_positioning,purchase_motivation","functions,functional","B0823PD6XD,B0BRVTRPXM"
adjustable_comb_settings,Adjustable Comb Length Settings,可調式導梳長度設定,Adjustability,attribute_function,Number and range of adjustable length settings via comb. High=many settings with fine increments; Low=fixed or few settings.,both,30,adjustable_comb_settings_salience,adjustable_comb_settings_quality,B0BVVKKXFZ,Decent Assortment of Attachments – adjustable (5 level) beard trimming attachment,"product_positioning,purchase_motivation","attributes,functional","B06Y65N73X,B0823PD6XD,B083NFMGZH,B0842PLHY1,B09138YH5R,B091C37P34,B0BRVTRPXM,B0BVVKKXFZ,B0D5B8ZT1K,B0GL2DKVQH,B0GL2GP74J"
min_cut_length_mm,Minimum Cut Length (mm),最短裁剪長度(mm),Adjustability,attribute_function,Shortest hair length the trimmer can achieve. High=very short (under 1mm); Low=longer minimum (3mm+).,both,14,min_cut_length_mm_salience,min_cut_length_mm_quality,B0GL2DKVQH,adjustable blade (0.5mm to 14mm) delivers incredibly precise cuts,"product_positioning,purchase_motivation","attributes,functional","B0842PLHY1,B0GL2DKVQH,B0GL2GP74J,B0823PD6XD,B0BRVTRPXM"
max_cut_length_mm,Maximum Cut Length (mm),最長裁剪長度(mm),Adjustability,attribute_function,Longest hair length achievable with included combs. High=wide range (14mm+); Low=short max range.,both,10,max_cut_length_mm_salience,max_cut_length_mm_quality,B0BRVTRPXM,3/4/5/6mm combs included,"product_positioning,purchase_motivation","attributes,functional","B0842PLHY1,B0GL2DKVQH,B0BRVTRPXM,B0823PD6XD"
guide_comb_variety,Number of Guide Combs Included,導梳種類數,Adjustability,attribute_function,Number of different guide comb attachments included. High=many combs; Low=single or no comb.,both,16,guide_comb_variety_salience,guide_comb_variety_quality,B0BRVTRPXM,3/4/5/6mm combs – 4 guide combs included,"product_positioning,purchase_motivation","attributes,functional","B0BRVTRPXM,B0842PLHY1,B0GL2DKVQH,B0823PD6XD"
stepless_adjustment,Stepless / Continuous Length Adjustment,無段式調整,Adjustability,attribute_function,Whether length adjustment is continuous (stepless) or in fixed steps. High=stepless dial; Low=fixed step positions only.,both,8,stepless_adjustment_salience,stepless_adjustment_quality,B0GL2DKVQH,adjustable range 0.5mm to 14mm – continuous precision dial,"product_positioning,purchase_motivation","attributes,functional","B0GL2DKVQH,B0842PLHY1"
speed_settings,Speed Settings,速度段數,Adjustability,attribute_function,Number of speed modes available. High=2+ speeds; Low=single speed only.,both,8,speed_settings_salience,speed_settings_quality,B09138YH5R,There are 2 speed switches to choose from: High and Low speed,"product_positioning,purchase_motivation","attributes,functional","B09138YH5R,B0823PD6XD"
pen_shaped_design,Pen-Shaped Design,筆型設計,Design,attribute_function,Whether the product has a slim pen-like form factor for precision handling. High=pen-shaped; Low=standard handle shape.,both,14,pen_shaped_design_salience,pen_shaped_design_quality,B091C37P34,Small Battery Powered Pen-Shaped Facial Hair Remover,"product_positioning,maslow","attributes,esteem","B091C37P34,B083NFMGZH,B06Y65N73X"
product_weight_g,Product Weight (grams),產品重量(g),Design,attribute_function,Weight of the device. High=heavier (stable); Low=very light (travel-friendly). Measured in grams.,both,16,product_weight_g_salience,product_weight_g_quality,B091C37P34,13.5 grams (excluding battery) – extremely lightweight pen trimmer,"product_positioning,purchase_motivation","attributes,functional","B06Y65N73X,B0823PD6XD,B083NFMGZH,B0842PLHY1,B09138YH5R,B091C37P34,B0BRVTRPXM,B0BVVKKXFZ,B0D5B8ZT1K,B0GL2DKVQH,B0GL2GP74J"
grip_ergonomics,Grip Ergonomics,握持人體工學,Design,benefit_use,Comfort and control during hand-held use. High=comfortable non-slip grip; Low=slippery or awkward.,review,20,grip_ergonomics_salience,grip_ergonomics_quality,B0GL2DKVQH,grip is good and the attack angle allows accurate detailing,"product_positioning,maslow,purchase_motivation","functions,physiological,functional","B06Y65N73X,B0823PD6XD,B083NFMGZH,B0842PLHY1,B09138YH5R,B091C37P34,B0BRVTRPXM,B0BVVKKXFZ,B0D5B8ZT1K,B0GL2DKVQH,B0GL2GP74J"
handle_slipperiness,Handle Slipperiness,握柄滑手問題,Design,attribute_function,Whether the handle is slippery during wet or dry use. High=non-slip confirmed; Low=slippery complaints.,review,10,handle_slipperiness_salience,handle_slipperiness_quality,B0823PD6XD,Teensy Blades & Slippery Trimmer Body – complaint about the trimmer body,"product_positioning,maslow","attributes,physiological","B06Y65N73X,B0823PD6XD,B083NFMGZH,B0842PLHY1,B09138YH5R,B091C37P34,B0BRVTRPXM,B0BVVKKXFZ,B0D5B8ZT1K,B0GL2DKVQH,B0GL2GP74J"
compact_size,Compact Size,緊湊尺寸,Design,benefit_use,How small/compact the device is overall. High=very compact and pocket-sized; Low=bulkier full-size trimmer.,review,38,compact_size_salience,compact_size_quality,B0823PD6XD,"Small, compact, easy to use and gets the job done!","product_positioning,maslow,purchase_motivation","benefits,physiological,functional","B06Y65N73X,B0823PD6XD,B083NFMGZH,B0842PLHY1,B09138YH5R,B091C37P34,B0BRVTRPXM,B0BVVKKXFZ,B0D5B8ZT1K,B0GL2DKVQH,B0GL2GP74J"
color_style_aesthetics,Color / Style Aesthetics,外觀配色設計,Design,brand_image,Aesthetic appeal of the product color scheme and overall appearance. High=stylish and attractive; Low=plain or dated.,review,12,color_style_aesthetics_salience,color_style_aesthetics_quality,B0BVVKKXFZ,"The trimmer looks chic and has a good weight to it. It is simple, yet comfortable to use.","product_positioning,maslow","benefits,esteem","B06Y65N73X,B0823PD6XD,B083NFMGZH,B0842PLHY1,B09138YH5R,B091C37P34,B0BRVTRPXM,B0BVVKKXFZ,B0D5B8ZT1K,B0GL2DKVQH,B0GL2GP74J"
protective_cap_cover,Protective Cap / Cover for Blade Head,刀頭保護蓋,Design,attribute_function,Whether a protective cap or cover is included to protect the blade when not in use. High=cap included; Low=no cap.,both,12,protective_cap_cover_salience,protective_cap_cover_quality,B0823PD6XD,"Works as expected – it also has a cover, which makes it easy for traveling","product_positioning,purchase_motivation","attributes,functional","B06Y65N73X,B0823PD6XD,B0842PLHY1,B0BRVTRPXM,B091C37P34,B083NFMGZH"
dust_proof_cover,Dust-Proof Head Cover,防塵保護蓋,Design,attribute_function,Whether the trimmer head has a dust-proof design to protect blades during storage. High=dust-proof cover; Low=no protection.,both,6,dust_proof_cover_salience,dust_proof_cover_quality,B0D5B8ZT1K,user-friendly handy body design with a dust-proof cover to protect the trimmer head,product_positioning,attributes,B0D5B8ZT1K
blade_head_storage_base,Blade Head Storage Base,刀頭收納底座,Design,attribute_function,Whether a base or organizer is included specifically for storing multiple blade heads. High=included; Low=no dedicated storage.,both,6,blade_head_storage_base_salience,blade_head_storage_base_quality,B0D5B8ZT1K,a base for organizing blade heads when not in use,"product_positioning,purchase_motivation","attributes,functional","B0D5B8ZT1K,B0BVVKKXFZ"
travel_suitability,Travel Suitability,旅行攜帶適用性,Portability,benefit_use,"Overall suitability for travel use (size, weight, packaging, battery independence). High=explicitly travel-ready; Low=not travel-oriented.",review,35,travel_suitability_salience,travel_suitability_quality,B0GL2DKVQH,"Super portable, easy to clean – I picked up this URBANER precision mustache trimmer because I needed something small and accurate for quick touch-ups between full shaves","product_positioning,maslow,purchase_motivation","benefits,self_actualization,functional","B06Y65N73X,B0823PD6XD,B083NFMGZH,B0842PLHY1,B09138YH5R,B091C37P34,B0BRVTRPXM,B0BVVKKXFZ,B0D5B8ZT1K,B0GL2DKVQH,B0GL2GP74J"
carrying_case_pouch,Carrying Case / Pouch Included,隨附旅行收納包,Portability,benefit_use,Whether a carrying case or pouch is included for storage and travel. High=case included; Low=no case (common complaint).,review,16,carrying_case_pouch_salience,carrying_case_pouch_quality,B0823PD6XD,What would have made the set perfect was a small pouch or bag to carry everything in for travel.,"product_positioning,purchase_motivation","benefits,functional","B0823PD6XD,B0BVVKKXFZ,B0D5B8ZT1K"
storage_box_tray,Storage Box / Tray for Attachments,附件收納盒/托盤,Portability,benefit_use,Whether a box or tray is included to organize all attachments. High=well-organized box with slots; Low=loose attachments.,review,18,storage_box_tray_salience,storage_box_tray_quality,B0BVVKKXFZ,It is compact and stores away nicely in the container included.,"product_positioning,purchase_motivation","benefits,functional","B0823PD6XD,B0BVVKKXFZ,B0D5B8ZT1K"
cordless_during_use,Truly Cordless During Use,使用中完全無線,Portability,attribute_function,Whether the device operates completely cord-free during use (no tethering to charger). High=fully cordless; Low=must stay plugged in.,both,20,cordless_during_use_salience,cordless_during_use_quality,B0BVVKKXFZ,Mighty But Compact Facial & Body Hair Cordless Trimmer – This multi-functional groomer is cordless,"product_positioning,purchase_motivation","functions,functional","B06Y65N73X,B0823PD6XD,B083NFMGZH,B0842PLHY1,B09138YH5R,B091C37P34,B0BRVTRPXM,B0BVVKKXFZ,B0D5B8ZT1K,B0GL2DKVQH,B0GL2GP74J"
total_attachments_count,Total Attachments Count,附件總數,Accessories,attribute_function,Total number of attachments/heads included in the package. High=6+ items; Low=1-2 items.,both,28,total_attachments_count_salience,total_attachments_count_quality,B0823PD6XD,"6 Pieces Set – Beard Trimmer for Men, Waterproof Grooming Kit, 6 Pieces Set","product_positioning,purchase_motivation","attributes,functional","B06Y65N73X,B0823PD6XD,B083NFMGZH,B0842PLHY1,B09138YH5R,B091C37P34,B0BRVTRPXM,B0BVVKKXFZ,B0D5B8ZT1K,B0GL2DKVQH,B0GL2GP74J"
cleaning_brush_included,Cleaning Brush Included,隨附清潔刷,Accessories,attribute_function,Whether a cleaning brush is included. High=brush included; Low=no brush.,both,14,cleaning_brush_included_salience,cleaning_brush_included_quality,B0BRVTRPXM,cleaning brush included in package,"product_positioning,purchase_motivation","attributes,functional","B0BRVTRPXM,B0823PD6XD,B0BVVKKXFZ,B06Y65N73X"
maintenance_oil_included,Maintenance Oil Included,隨附保養油,Accessories,attribute_function,Whether lubricating/maintenance oil is included. High=oil included; Low=not included.,both,8,maintenance_oil_included_salience,maintenance_oil_included_quality,B0BRVTRPXM,maintenance oil included in package,product_positioning,attributes,B0BRVTRPXM
spare_blade_included,Spare Blade Included,隨附備用刀片,Accessories,attribute_function,Whether a spare replacement blade is included. High=spare blade included; Low=only one blade.,both,6,spare_blade_included_salience,spare_blade_included_quality,B0BRVTRPXM,2 blades included in package,"product_positioning,purchase_motivation","attributes,functional",B0BRVTRPXM
instruction_manual_quality,Instruction Manual Clarity,說明書清晰度,Accessories,benefit_use,"How clear and useful the instruction manual is. High=clear instructions, good translations; Low=confusing or missing.",review,10,instruction_manual_quality_salience,instruction_manual_quality_quality,B0823PD6XD,Works well! – The directions are straight foreword and even though it is made outside of the US no grammatical mistakes,"product_positioning,wom_motivation","usage_context_service_experience,altruistic","B06Y65N73X,B0823PD6XD,B083NFMGZH,B0842PLHY1,B09138YH5R,B091C37P34,B0BRVTRPXM,B0BVVKKXFZ,B0D5B8ZT1K,B0GL2DKVQH,B0GL2GP74J"
rounded_blade_tip,Rounded Safety Blade Tip,圓頭安全刀片,Safety,attribute_function,Whether the blade tip is rounded to prevent cuts inside nose/ears. High=rounded safety tip; Low=exposed sharp tip.,both,14,rounded_blade_tip_salience,rounded_blade_tip_quality,B06Y65N73X,"The rounded tip of the razor is great for trimming unneeded hairs in nose, ears, and around the face","product_positioning,maslow,purchase_motivation","attributes,safety,security","B06Y65N73X,B0823PD6XD,B0BVVKKXFZ,B0D5B8ZT1K"
painless_operation,Painless Operation,無痛操作,Safety,benefit_use,"Whether the trimmer operates without causing pain, pulling, or skin irritation. High=painless confirmed; Low=painful complaints.",review,22,painless_operation_salience,painless_operation_quality,B083NFMGZH,Compact and Painless Facial Hair Shaver,"product_positioning,maslow,purchase_motivation","benefits,physiological,functional","B06Y65N73X,B0823PD6XD,B083NFMGZH,B0842PLHY1,B09138YH5R,B091C37P34,B0BRVTRPXM,B0BVVKKXFZ,B0D5B8ZT1K,B0GL2DKVQH,B0GL2GP74J"
skin_friendly_blade,Skin-Friendly Blade,皮膚友善刀片,Safety,benefit_use,"Whether the blade material and design prevents skin scratching, redness, or irritation. High=no irritation; Low=scratching/redness issues.",both,16,skin_friendly_blade_salience,skin_friendly_blade_quality,B0842PLHY1,high-carbon steel blade from Japan ensuring safety without risk of scratching or hurting skin,"product_positioning,maslow,purchase_motivation","attributes,safety,security","B06Y65N73X,B0823PD6XD,B083NFMGZH,B0842PLHY1,B09138YH5R,B091C37P34,B0BRVTRPXM,B0BVVKKXFZ,B0D5B8ZT1K,B0GL2DKVQH,B0GL2GP74J"
low_noise_operation,Low Noise Operation,低噪音操作,Safety,attribute_function,Whether the device operates quietly. High=very low noise; Low=loud/noisy operation.,both,14,low_noise_operation_salience,low_noise_operation_quality,B09138YH5R,ultra-quiet and low-vibrant design effectively lowers the noise to less than 58db,"product_positioning,maslow,purchase_motivation","attributes,physiological,functional","B09138YH5R,B0BVVKKXFZ,B083NFMGZH,B091C37P34"
low_vibration_design,Low Vibration Design,低震動設計,Safety,attribute_function,Whether the device minimizes vibration for user comfort and pet safety. High=explicitly low vibration; Low=noticeable vibration.,both,8,low_vibration_design_salience,low_vibration_design_quality,B09138YH5R,ultra-quiet and low-vibrant design,"product_positioning,maslow","attributes,physiological","B09138YH5R,B0BVVKKXFZ"
build_quality_perception,Build Quality Perception,整體做工感受,Build Quality,attribute_function,"Perceived overall build quality and material feel. High=feels solid, premium; Low=feels cheap or flimsy.",review,35,build_quality_perception_salience,build_quality_perception_quality,B0BVVKKXFZ,My husband thought this was going to be cheap because it looks a bit cheap but he was pleasantly surprised at how great this ended up being.,"product_positioning,maslow,purchase_motivation","attributes,esteem,security","B06Y65N73X,B0823PD6XD,B083NFMGZH,B0842PLHY1,B09138YH5R,B091C37P34,B0BRVTRPXM,B0BVVKKXFZ,B0D5B8ZT1K,B0GL2DKVQH,B0GL2GP74J"
product_longevity,Product Longevity / Lifespan,產品使用壽命,Build Quality,attribute_function,How long the product lasts before failure. High=years of reliable use; Low=failure within weeks.,review,20,product_longevity_salience,product_longevity_quality,B0BVVKKXFZ,Stopped working in two weeks – This 4-in-1 Beard Trimmer is not so recommendable. It has stopped working after two weeks.,"product_positioning,maslow,purchase_motivation,wom_motivation","attributes,safety,security,altruistic","B06Y65N73X,B0823PD6XD,B083NFMGZH,B0842PLHY1,B09138YH5R,B091C37P34,B0BRVTRPXM,B0BVVKKXFZ,B0D5B8ZT1K,B0GL2DKVQH,B0GL2GP74J"
plastic_material_quality,Plastic Material Quality,塑料材質品質,Build Quality,attribute_function,"Quality and durability of plastic body materials. High=solid, durable plastic; Low=brittle or cheap-feeling plastic.",review,14,plastic_material_quality_salience,plastic_material_quality_quality,B0GL2DKVQH,"Fun Concept, Lacks in Craftsmanship – feels budget in hand","product_positioning,purchase_motivation","attributes,security","B06Y65N73X,B0823PD6XD,B083NFMGZH,B0842PLHY1,B09138YH5R,B091C37P34,B0BRVTRPXM,B0BVVKKXFZ,B0D5B8ZT1K,B0GL2DKVQH,B0GL2GP74J"
motor_durability,Motor Durability,馬達耐用性,Build Quality,attribute_function,Long-term durability and reliability of the motor. High=motor still going strong after heavy use; Low=motor fails early.,review,12,motor_durability_salience,motor_durability_quality,B0BVVKKXFZ,Stopped working in two weeks – The quality is not so great,"product_positioning,purchase_motivation","attributes,security","B06Y65N73X,B0823PD6XD,B083NFMGZH,B0842PLHY1,B09138YH5R,B091C37P34,B0BRVTRPXM,B0BVVKKXFZ,B0D5B8ZT1K,B0GL2DKVQH,B0GL2GP74J"
attachment_fitment,Attachment Head Fitment Quality,刀頭安裝配合度,Build Quality,attribute_function,"How securely and easily attachment heads click on and stay in place. High=secure, easy-click; Low=loose or hard to attach.",review,14,attachment_fitment_salience,attachment_fitment_quality,B0BVVKKXFZ,Good but hard to change heads – Overall this product works great. I have had a little difficulty changing heads,"product_positioning,purchase_motivation","attributes,functional","B06Y65N73X,B0823PD6XD,B083NFMGZH,B0842PLHY1,B09138YH5R,B091C37P34,B0BRVTRPXM,B0BVVKKXFZ,B0D5B8ZT1K,B0GL2DKVQH,B0GL2GP74J"
ease_of_use_overall,Ease of Use (Overall),整體易用性,Ease of Use,benefit_use,"Overall ease of learning and operating the trimmer. High=intuitive, beginner-friendly; Low=confusing or complex.",review,40,ease_of_use_overall_salience,ease_of_use_overall_quality,B0823PD6XD,Easy to use. Easy to change grooming options. Price.,"product_positioning,maslow,purchase_motivation","benefits,physiological,functional","B06Y65N73X,B0823PD6XD,B083NFMGZH,B0842PLHY1,B09138YH5R,B091C37P34,B0BRVTRPXM,B0BVVKKXFZ,B0D5B8ZT1K,B0GL2DKVQH,B0GL2GP74J"
ease_of_cleaning,Ease of Cleaning,清潔便利性,Ease of Use,benefit_use,How easy the trimmer is to clean after use. High=quick rinse or easy to brush; Low=hard to disassemble or clean.,review,28,ease_of_cleaning_salience,ease_of_cleaning_quality,B0BVVKKXFZ,It's very sturdy and easy to clean.,"product_positioning,purchase_motivation","benefits,functional","B06Y65N73X,B0823PD6XD,B083NFMGZH,B0842PLHY1,B09138YH5R,B091C37P34,B0BRVTRPXM,B0BVVKKXFZ,B0D5B8ZT1K,B0GL2DKVQH,B0GL2GP74J"
head_change_ease,Ease of Changing Attachment Heads,更換刀頭便利性,Ease of Use,benefit_use,"How easily users can switch between different trimmer heads. High=quick, no-tool swap; Low=difficult or confusing.",review,16,head_change_ease_salience,head_change_ease_quality,B0BVVKKXFZ,Good but hard to change heads,"product_positioning,purchase_motivation","functions,functional","B0823PD6XD,B0BVVKKXFZ,B0D5B8ZT1K"
on_off_switch_design,On/Off Switch Design,開關設計,Ease of Use,attribute_function,"Ease and intuition of the power switch. High=simple, clear switch; Low=confusing or hard to operate.",review,8,on_off_switch_design_salience,on_off_switch_design_quality,B0BVVKKXFZ,"Easy to swap heads, just lock in place",product_positioning,attributes,"B06Y65N73X,B0823PD6XD,B083NFMGZH,B0842PLHY1,B09138YH5R,B091C37P34,B0BRVTRPXM,B0BVVKKXFZ,B0D5B8ZT1K,B0GL2DKVQH,B0GL2GP74J"
initial_setup_ease,Initial Setup / Out-of-Box Experience,開箱初始設定,Ease of Use,benefit_use,Ease of setting up and using the product right out of box. High=ready to use immediately; Low=confusing setup.,review,12,initial_setup_ease_salience,initial_setup_ease_quality,B0GL2GP74J,Simple and ready to use mustache trimmer. This trimmer includes a battery so that you can operate the device right away.,"product_positioning,purchase_motivation","benefits,functional","B06Y65N73X,B0823PD6XD,B083NFMGZH,B0842PLHY1,B09138YH5R,B091C37P34,B0BRVTRPXM,B0BVVKKXFZ,B0D5B8ZT1K,B0GL2DKVQH,B0GL2GP74J"
gift_packaging_quality,Gift-Ready Packaging Quality,禮品包裝品質,Gifting,brand_image,"Quality and attractiveness of the retail box for gifting purposes. High=elegant, giftable box; Low=plain or damaged packaging.",review,22,gift_packaging_quality_salience,gift_packaging_quality_quality,B0BVVKKXFZ,Pleasantly surprised that this beard trimming kit came giftable: not your typical display box,"product_positioning,maslow,purchase_motivation,wom_motivation","benefits,esteem,relational,social_identity","B06Y65N73X,B0823PD6XD,B083NFMGZH,B0842PLHY1,B09138YH5R,B091C37P34,B0BRVTRPXM,B0BVVKKXFZ,B0D5B8ZT1K,B0GL2DKVQH,B0GL2GP74J"
gift_suitability_men,Gift Suitability for Men,男性禮品適合度,Gifting,brand_image,"Perceived suitability as a gift for men (spouse, father, boyfriend). High=ideal men's gift; Low=not mentioned as gift.",review,20,gift_suitability_men_salience,gift_suitability_men_quality,B0823PD6XD,The perfect gift! – I got this for my husband and he says he prefers this over any other top brand he has tried!,"product_positioning,maslow,purchase_motivation,wom_motivation","benefits,belongingness,relational,altruistic","B0823PD6XD,B0BVVKKXFZ,B0D5B8ZT1K,B0GL2GP74J,B0BRVTRPXM"
gift_suitability_women,Gift Suitability for Women,女性禮品適合度,Gifting,brand_image,Perceived suitability as a gift for women. High=widely bought as women's gift; Low=not positioned as women's gift.,review,8,gift_suitability_women_salience,gift_suitability_women_quality,B091C37P34,"pen-shaped, designed specifically for women's facial hair removal needs","product_positioning,maslow,purchase_motivation","benefits,belongingness,relational","B091C37P34,B083NFMGZH"
box_presentation,Box / Packaging Presentation,包裝展示效果,Gifting,brand_image,"Visual presentation and structure of product packaging. High=professional, well-structured box; Low=plain or flimsy.",review,14,box_presentation_salience,box_presentation_quality,B0BVVKKXFZ,Comes well packed looks pretty professional everything is exactly as advertised by the seller,"product_positioning,maslow","benefits,esteem","B06Y65N73X,B0823PD6XD,B083NFMGZH,B0842PLHY1,B09138YH5R,B091C37P34,B0BRVTRPXM,B0BVVKKXFZ,B0D5B8ZT1K,B0GL2DKVQH,B0GL2GP74J"
price_value_ratio,Price-to-Value Ratio,性價比,Price & Value,benefit_use,Perceived value relative to price paid. High=great value; Low=overpriced for quality delivered.,review,38,price_value_ratio_salience,price_value_ratio_quality,B0GL2DKVQH,"Solid Quality for the Cost – This trimmer is an excellent choice for anyone who needs a portable, low-profile grooming tool","product_positioning,maslow,purchase_motivation,wom_motivation","benefits,physiological,functional,altruistic","B06Y65N73X,B0823PD6XD,B083NFMGZH,B0842PLHY1,B09138YH5R,B091C37P34,B0BRVTRPXM,B0BVVKKXFZ,B0D5B8ZT1K,B0GL2DKVQH,B0GL2GP74J"
budget_tier_positioning,Budget Tier Positioning,價格帶定位,Price & Value,brand_image,"Whether the product is positioned as budget, mid-range, or premium. High=mid/premium perceived; Low=budget only.",review,12,budget_tier_positioning_salience,budget_tier_positioning_quality,B0GL2DKVQH,"Utter Junk – Very poor quality, very light weight and weak item. Its rechargeable but feels incredibly cheap","product_positioning,maslow","benefits,esteem","B06Y65N73X,B0823PD6XD,B083NFMGZH,B0842PLHY1,B09138YH5R,B091C37P34,B0BRVTRPXM,B0BVVKKXFZ,B0D5B8ZT1K,B0GL2DKVQH,B0GL2GP74J"
competitor_brand_comparison,Favorable vs Competitor Brands,優於競品品牌,Price & Value,brand_image,"Whether reviewers compare to competitor brands (Philips, Panasonic, Norelco) favorably. High=preferred over competitors; Low=loses to competitors.",review,16,competitor_brand_comparison_salience,competitor_brand_comparison_quality,B0823PD6XD,I got this for my husband and he says he prefers this over any other top brand he has tried!,"product_positioning,maslow,purchase_motivation,wom_motivation","benefits,esteem,functional,self_enhancement","B06Y65N73X,B0823PD6XD,B083NFMGZH,B0842PLHY1,B09138YH5R,B091C37P34,B0BRVTRPXM,B0BVVKKXFZ,B0D5B8ZT1K,B0GL2DKVQH,B0GL2GP74J"
primary_user_gender,Primary Target Gender,主要目標性別,Target User,brand_image,"Whether the product is explicitly designed for men, women, or unisex use. High=clear gender targeting; Low=unisex/ambiguous.",both,18,primary_user_gender_salience,primary_user_gender_quality,B091C37P34,Electric Eyebrow Trimmer for Women – specifically designed for women,"product_positioning,maslow","benefits,belongingness","B06Y65N73X,B0823PD6XD,B083NFMGZH,B0842PLHY1,B09138YH5R,B091C37P34,B0BRVTRPXM,B0BVVKKXFZ,B0D5B8ZT1K,B0GL2DKVQH,B0GL2GP74J"
unisex_suitability,Unisex / Gender-Neutral Suitability,男女通用適用性,Target User,brand_image,Whether the product works well for both men and women. High=truly unisex; Low=gender-specific design/function.,review,12,unisex_suitability_salience,unisex_suitability_quality,B083NFMGZH,"Eyebrow Trimmer for Men and Women, Precision Detailer for Shaping","product_positioning,purchase_motivation","benefits,functional","B083NFMGZH,B0823PD6XD,B0BVVKKXFZ"
beginner_friendliness,Beginner Friendliness,初學者友善度,Target User,benefit_use,Suitability for users who have never used a trimmer before. High=easy for first-timers; Low=requires skill.,review,14,beginner_friendliness_salience,beginner_friendliness_quality,B0GL2DKVQH,Game changer – This is my 1st time using a mustache trimmer. I usually used manual. This is great.,"product_positioning,maslow,purchase_motivation","benefits,self_actualization,functional","B06Y65N73X,B0823PD6XD,B083NFMGZH,B0842PLHY1,B09138YH5R,B091C37P34,B0BRVTRPXM,B0BVVKKXFZ,B0D5B8ZT1K,B0GL2DKVQH,B0GL2GP74J"
couple_shared_use,Couple / Shared Use Suitability,情侶/共用適用性,Target User,benefit_use,Whether the product is used and suitable for sharing between partners. High=reported shared use; Low=personal-only design.,review,10,couple_shared_use_salience,couple_shared_use_quality,B0BVVKKXFZ,My partner and I use this interchangeably. I mostly use only two attachments and they work great.,"product_positioning,maslow,purchase_motivation","benefits,belongingness,relational","B0BVVKKXFZ,B0823PD6XD,B083NFMGZH"
professional_home_positioning,Professional vs Home Use Positioning,專業/家用定位,Target User,brand_image,Whether the product targets professional barbers or home users. High=professional-grade; Low=home/personal use only.,both,10,professional_home_positioning_salience,professional_home_positioning_quality,B0BRVTRPXM,Professional facial hair trimmer,"product_positioning,maslow","attributes,esteem","B06Y65N73X,B0823PD6XD,B083NFMGZH,B0842PLHY1,B09138YH5R,B091C37P34,B0BRVTRPXM,B0BVVKKXFZ,B0D5B8ZT1K,B0GL2DKVQH,B0GL2GP74J"
blade_small_head_size,Small / Precision Blade Head Size,小型刀頭尺寸,Blade Specs,attribute_function,"Whether the blade head is specifically small for precision detailing. High=very small, fine head; Low=standard wide head.",both,14,blade_small_head_size_salience,blade_small_head_size_quality,B09138YH5R,"The trimmer has a small blade of only 1 cm, which can gently remove pet hair from difficult-to-reach areas","product_positioning,purchase_motivation","attributes,functional","B091C37P34,B083NFMGZH,B09138YH5R,B06Y65N73X"
rotary_blade_type,Rotary Cutting Mechanism,旋轉式刀頭設計,Blade Specs,attribute_function,Whether the trimmer uses a rotary (360-degree) cutting mechanism. High=rotary for nose/ear; Low=linear/reciprocating only.,both,8,rotary_blade_type_salience,rotary_blade_type_quality,B06Y65N73X,rotary ear and nose hair trimmer,"product_positioning,purchase_motivation","attributes,functional","B06Y65N73X,B0823PD6XD,B0BVVKKXFZ"
integrated_length_dial,Integrated Length Dial (No-Comb),刀片本身可調式（無需梳子）,Blade Specs,attribute_function,Whether the blade length is adjustable via built-in dial without needing separate comb attachments. High=integrated dial adjustment; Low=separate comb-only adjustment.,both,10,integrated_length_dial_salience,integrated_length_dial_quality,B0GL2DKVQH,adjustable blade (0.5mm to 14mm) delivers incredibly precise cuts,"product_positioning,purchase_motivation","attributes,functional","B0GL2DKVQH,B0842PLHY1"
product_listing_accuracy,Product Listing Accuracy,商品頁面描述準確度,Brand & Trust,usage_context_service_experience,Whether the actual product matches its Amazon listing description and photos. High=accurate listing; Low=misleading listing.,review,12,product_listing_accuracy_salience,product_listing_accuracy_quality,B0BVVKKXFZ,Came well packed looks pretty professional everything is exactly as advertised by the seller,"product_positioning,wom_motivation","usage_context_service_experience,altruistic","B06Y65N73X,B0823PD6XD,B083NFMGZH,B0842PLHY1,B09138YH5R,B091C37P34,B0BRVTRPXM,B0BVVKKXFZ,B0D5B8ZT1K,B0GL2DKVQH,B0GL2GP74J"
brand_trust_loyalty,Brand Trust / Repeat Loyalty,品牌信任度與回購,Brand & Trust,brand_image,"Level of brand trust with existing customers. High=repeat buyers, brand loyalty; Low=first-time skeptics.",review,18,brand_trust_loyalty_salience,brand_trust_loyalty_quality,B0GL2DKVQH,"I already had a nose hair trimmer by this brand, Urbaner, which works really well.","product_positioning,maslow,purchase_motivation,wom_motivation","benefits,belongingness,relational,social_identity","B06Y65N73X,B0823PD6XD,B083NFMGZH,B0842PLHY1,B09138YH5R,B091C37P34,B0BRVTRPXM,B0BVVKKXFZ,B0D5B8ZT1K,B0GL2DKVQH,B0GL2GP74J"
repeat_purchase_intent,Repeat Purchase Intent,回購意願,Brand & Trust,usage_context_service_experience,Whether reviewers mention buying again or having bought previous Urbaner products. High=strong repeat intent; Low=one-time purchase.,review,8,repeat_purchase_intent_salience,repeat_purchase_intent_quality,B0823PD6XD,I already had a nose hair trimmer by this brand and this one also works really well,"product_positioning,purchase_motivation,wom_motivation","usage_context_service_experience,relational,social_identity","B06Y65N73X,B0823PD6XD,B083NFMGZH,B0842PLHY1,B09138YH5R,B091C37P34,B0BRVTRPXM,B0BVVKKXFZ,B0D5B8ZT1K,B0GL2DKVQH,B0GL2GP74J"
cut_smoothness,Cut Smoothness / Glide Feel,裁剪滑順感,Sensory Experience,benefit_use,"How smooth the trimmer glides over skin during use. High=smooth glide; Low=rough, scratchy, or snagging motion.",review,20,cut_smoothness_salience,cut_smoothness_quality,B0BVVKKXFZ,"It cuts like a dream, bladerunner good","product_positioning,maslow,purchase_motivation","benefits,physiological,functional","B06Y65N73X,B0823PD6XD,B083NFMGZH,B0842PLHY1,B09138YH5R,B091C37P34,B0BRVTRPXM,B0BVVKKXFZ,B0D5B8ZT1K,B0GL2DKVQH,B0GL2GP74J"
operation_vibration_feel,Vibration Feel During Use,使用中的震動感,Sensory Experience,attribute_function,Perceptible vibration felt through the hand during use. High=minimal vibration; Low=strong vibration complaints.,review,8,operation_vibration_feel_salience,operation_vibration_feel_quality,B09138YH5R,ultra-quiet and low-vibrant design,"product_positioning,maslow","attributes,physiological","B06Y65N73X,B0823PD6XD,B083NFMGZH,B0842PLHY1,B09138YH5R,B091C37P34,B0BRVTRPXM,B0BVVKKXFZ,B0D5B8ZT1K,B0GL2DKVQH,B0GL2GP74J"
thick_hair_handling,Thick / Coarse Hair Handling,粗硬毛髮處理能力,Sensory Experience,attribute_function,Whether the trimmer handles thick or coarse hair without jamming. High=handles thick hair well; Low=jams or struggles.,review,16,thick_hair_handling_salience,thick_hair_handling_quality,B0GL2GP74J,"Convenient and easy to use, but a bit weak on thicker beard – I do have particularly thick beard hair and there were times when this trimmer struggled","product_positioning,purchase_motivation,wom_motivation","functions,functional,altruistic","B06Y65N73X,B0823PD6XD,B083NFMGZH,B0842PLHY1,B09138YH5R,B091C37P34,B0BRVTRPXM,B0BVVKKXFZ,B0D5B8ZT1K,B0GL2DKVQH,B0GL2GP74J"
trimming_evenness,Trimming Evenness / Uniformity,修剪均勻度,Sensory Experience,attribute_function,Whether trimming results are even and uniform across the treated area. High=consistently even cuts; Low=uneven results.,review,14,trimming_evenness_salience,trimming_evenness_quality,B0GL2DKVQH,"Looks great, performs decently, but feels budget in hand","product_positioning,purchase_motivation","functions,functional","B06Y65N73X,B0823PD6XD,B083NFMGZH,B0842PLHY1,B09138YH5R,B091C37P34,B0BRVTRPXM,B0BVVKKXFZ,B0D5B8ZT1K,B0GL2DKVQH,B0GL2GP74J"
grey_hair_handling,Grey / Coarse Grey Hair Handling,白/灰髮處理能力,Hair Capability,attribute_function,Effectiveness on grey or coarse grey hair specifically. High=handles grey hair well; Low=struggles with grey hair.,review,6,grey_hair_handling_salience,grey_hair_handling_quality,B0BVVKKXFZ,it is small but powerful – the shaver removes even thicker grey facial hair,"product_positioning,purchase_motivation","functions,functional","B0BVVKKXFZ,B0GL2DKVQH"
close_shave_capability,Close-Shave / Near-Skin Capability,貼膚剃光能力,Hair Capability,attribute_function,Whether the trimmer can trim hair down to near skin level. High=skin-close possible; Low=leaves visible stubble.,review,12,close_shave_capability_salience,close_shave_capability_quality,B0GL2DKVQH,It's not smooth-skin close but for mustache trimming it's exactly right,"product_positioning,purchase_motivation","functions,functional","B0842PLHY1,B0GL2DKVQH,B0BRVTRPXM,B0BVVKKXFZ"
fine_hair_precision,Fine / Thin Hair Precision,細軟毛髮精準度,Hair Capability,attribute_function,"Effectiveness on fine, thin, or soft hair. High=works well on fine hair; Low=misses fine hair.",review,10,fine_hair_precision_salience,fine_hair_precision_quality,B0GL2DKVQH,Price is good and feels decent – My facial hair is very thin and this doesn't catch all of them,"product_positioning,purchase_motivation","functions,functional","B091C37P34,B083NFMGZH,B0GL2DKVQH"
social_gifting_context,Purchased as Gift Context,作為禮品購買場景,Social Context,usage_context_service_experience,"Whether the product is bought as a gift (for husband, father, boyfriend). High=strong gifting purchase pattern; Low=self-purchase only.",review,20,social_gifting_context_salience,social_gifting_context_quality,B0823PD6XD,Got as a gift for my husband and he absolutely loves it. Definitely worth it,"maslow,purchase_motivation,wom_motivation","belongingness,relational,altruistic","B06Y65N73X,B0823PD6XD,B083NFMGZH,B0842PLHY1,B09138YH5R,B091C37P34,B0BRVTRPXM,B0BVVKKXFZ,B0D5B8ZT1K,B0GL2DKVQH,B0GL2GP74J"
shareable_between_partners,Shareable Between Partners,夫妻/伴侶共享設計,Social Context,benefit_use,Whether the product design facilitates use by both partners. High=explicitly suitable for sharing; Low=single-user design.,review,8,shareable_between_partners_salience,shareable_between_partners_quality,B0BVVKKXFZ,My partner and I use this interchangeably.,"product_positioning,maslow,purchase_motivation","benefits,belongingness,relational","B0BVVKKXFZ,B083NFMGZH"
battery_independence,Battery Independence (Rechargeable),可充電免拋棄式電池,Eco & Sustainability,benefit_use,"Whether the product reduces need for disposable batteries (rechargeable = eco-positive). High=rechargeable, no disposables; Low=requires disposable batteries.",review,14,battery_independence_salience,battery_independence_quality,B0BVVKKXFZ,rechargeable grooming kit – nice that its rechargeable so you can use whenever you need it,"product_positioning,maslow,purchase_motivation","benefits,self_actualization,functional","B0BVVKKXFZ,B0D5B8ZT1K,B0GL2DKVQH,B09138YH5R"
narrow_cutter_head,Narrow Cutter Head for Line Definition,窄刀頭線條定義,Blade Specs,attribute_function,Whether the product has a specifically narrow cutter head for creating clean beard/mustache lines. High=narrow head; Low=wide standard head.,both,10,narrow_cutter_head_salience,narrow_cutter_head_quality,B0842PLHY1,The narrow cutter head helps create clean lines for mustache or sideburns,"product_positioning,purchase_motivation","attributes,functional","B0842PLHY1,B0GL2DKVQH,B083NFMGZH"
attachment_nose_head_size_fit,Nose Trimmer Head Fit in Nostril,鼻毛刀頭鼻孔適配尺寸,Blade Specs,attribute_function,Whether the nose trimmer head is appropriately sized to fit comfortably in nostril. High=correctly sized; Low=too large or too small.,review,10,attachment_nose_head_size_fit_salience,attachment_nose_head_size_fit_quality,B0BVVKKXFZ,Bad size nose trimmer – The nose trimmer is useless as it is too large for the nose hair.,"product_positioning,maslow,purchase_motivation,wom_motivation","attributes,physiological,functional,altruistic","B06Y65N73X,B0823PD6XD,B0BVVKKXFZ,B0GL2GP74J"
product_dimensions_size,Product Physical Dimensions,產品實體尺寸規格,Design,attribute_function,Exact physical dimensions (length x width x depth in cm). Smaller dimensions = more portable.,both,8,product_dimensions_size_salience,product_dimensions_size_quality,B0842PLHY1,14 x 2 x 2 cm – compact slim profile for travel,"product_positioning,purchase_motivation","attributes,functional","B06Y65N73X,B0823PD6XD,B083NFMGZH,B0842PLHY1,B09138YH5R,B091C37P34,B0BRVTRPXM,B0BVVKKXFZ,B0D5B8ZT1K,B0GL2DKVQH,B0GL2GP74J"
battery_cover_ease,Battery Cover / Compartment Ease,電池蓋易用性,Design,attribute_function,Ease of accessing and replacing the battery compartment cover. High=easy open/close; Low=fiddly or hard to open.,review,6,battery_cover_ease_salience,battery_cover_ease_quality,B0BRVTRPXM,battery cover design for 2 AA batteries,product_positioning,attributes,"B06Y65N73X,B0823PD6XD,B0842PLHY1,B0BRVTRPXM,B0GL2GP74J,B091C37P34"
multi_use_versatility_score,Overall Multi-Use Versatility Score,全功能多用途評分,Functions,benefit_use,Composite sense of how many different grooming tasks the product can handle well. High=true all-in-one; Low=single-task only.,review,30,multi_use_versatility_score_salience,multi_use_versatility_score_quality,B0823PD6XD,"Perfect trimmer for all the little places – This trimmer kit includes everything you need to trim hair from all those odd places such as nose, ears, eyebrows, facial hair","product_positioning,maslow,purchase_motivation","benefits,self_actualization,functional","B06Y65N73X,B0823PD6XD,B083NFMGZH,B0842PLHY1,B09138YH5R,B091C37P34,B0BRVTRPXM,B0BVVKKXFZ,B0D5B8ZT1K,B0GL2DKVQH,B0GL2GP74J"
maintenance_requirement,Maintenance / Oiling Requirement,維護保養需求,Ease of Use,attribute_function,Whether the product requires regular oiling or maintenance to keep performance. High=low-maintenance; Low=requires frequent oiling.,review,8,maintenance_requirement_salience,maintenance_requirement_quality,B0BRVTRPXM,maintenance oil included in package,"product_positioning,purchase_motivation","usage_context_service_experience,functional","B06Y65N73X,B0823PD6XD,B083NFMGZH,B0842PLHY1,B09138YH5R,B091C37P34,B0BRVTRPXM,B0BVVKKXFZ,B0D5B8ZT1K,B0GL2DKVQH,B0GL2GP74J"
waterproof_body_full,Full Body Waterproof (Not Just Head),全機身防水,Waterproof,attribute_function,Whether the entire device body (not just the head) is waterproof. High=fully submersible body; Low=only head is water-resistant.,both,12,waterproof_body_full_salience,waterproof_body_full_quality,B0GL2DKVQH,IPX8 Waterproof – can be fully submerged,"product_positioning,maslow,purchase_motivation","attributes,safety,security","B0842PLHY1,B0BVVKKXFZ,B0D5B8ZT1K,B0GL2DKVQH,B0GL2GP74J"
grooming_kit_completeness,Grooming Kit Completeness,修容套組完整度,Accessories,benefit_use,How complete the grooming kit is for all common facial hair needs in one package. High=all-in-one complete kit; Low=partial kit.,review,22,grooming_kit_completeness_salience,grooming_kit_completeness_quality,B0823PD6XD,A nice selection of cutting heads – I have used a variety of different powered trimmers over the years but this one has the widest selection of trimming attachments.,"product_positioning,maslow,purchase_motivation","benefits,self_actualization,functional","B0823PD6XD,B0BVVKKXFZ,B0D5B8ZT1K,B0BRVTRPXM"
lightweight_design,Lightweight Design,輕量化設計,Design,benefit_use,Whether the product is specifically lightweight for ease of one-hand use and travel. High=very light; Low=heavier/bulkier.,both,18,lightweight_design_salience,lightweight_design_quality,B06Y65N73X,"Small and Safe Grooming Tool, Lightweight","product_positioning,maslow,purchase_motivation","benefits,physiological,functional","B06Y65N73X,B0823PD6XD,B083NFMGZH,B0842PLHY1,B09138YH5R,B091C37P34,B0BRVTRPXM,B0BVVKKXFZ,B0D5B8ZT1K,B0GL2DKVQH,B0GL2GP74J"
eyebrow_comb_attachment,Dedicated Eyebrow Comb Attachment,獨立眉毛導梳,Accessories,attribute_function,Whether a dedicated eyebrow guide comb is included. High=separate eyebrow comb included; Low=no dedicated eyebrow comb.,both,8,eyebrow_comb_attachment_salience,eyebrow_comb_attachment_quality,B0823PD6XD,includes eyebrow comb attachment,"product_positioning,purchase_motivation","attributes,functional","B0823PD6XD,B0BVVKKXFZ,B0D5B8ZT1K,B083NFMGZH,B091C37P34"
quick_touch_up_design,Quick Touch-Up / Daily Use Design,快速補修設計,Ease of Use,benefit_use,"Whether the product is optimized for quick daily touch-ups rather than full grooming sessions. High=fast, daily-use friendly; Low=setup-intensive.",review,16,quick_touch_up_design_salience,quick_touch_up_design_quality,B0GL2DKVQH,I needed something small and accurate for quick touch-ups between full shaves,"product_positioning,maslow,purchase_motivation","benefits,physiological,functional","B0GL2DKVQH,B0842PLHY1,B06Y65N73X,B083NFMGZH,B091C37P34"
product_perceived_premium,Perceived Premium Feel,質感高級感,Brand & Trust,brand_image,Whether the product feels premium/high-end beyond its price point. High=feels premium; Low=feels cheap for price.,review,14,product_perceived_premium_salience,product_perceived_premium_quality,B0BVVKKXFZ,I was not expecting it to be this good – I bought a ton of these kind of things over my lifetime and most of them are cheap garbage. But I was really not expecting a whole lot from these.,"product_positioning,maslow,purchase_motivation,wom_motivation","benefits,esteem,security,self_enhancement","B06Y65N73X,B0823PD6XD,B083NFMGZH,B0842PLHY1,B09138YH5R,B091C37P34,B0BRVTRPXM,B0BVVKKXFZ,B0D5B8ZT1K,B0GL2DKVQH,B0GL2GP74J"
grooming_angle_control,Grooming Angle / Attack Angle Control,修容角度控制,Ease of Use,benefit_use,Ease of controlling the trimming angle for precise detailing work. High=good angle control; Low=awkward angle.,review,10,grooming_angle_control_salience,grooming_angle_control_quality,B0GL2DKVQH,Grip is good and the attack angle allows accurate detailing,"product_positioning,purchase_motivation","functions,functional","B0GL2DKVQH,B083NFMGZH,B091C37P34,B0842PLHY1"
